<?xml version="1.0"?>
<opml version="2.0">
  <head>
    <title>Take Our DevOps Assessment</title>
    <dateModified>Sat, 13 Feb 2016 14:58:41 -0700</dateModified>
    <ownerName>DreamOps Crew</ownerName>
  </head>
  <body>
    <outline text="Check all that apply. Do you have? ..." status="open" _status="indeterminate">
      <outline type="note" isComment="true" text="Status: Alpha Version -- Under Development -- Feedback Welcome&#13;&#10;&#13;&#10;This self-assessment checklist is intended to help Force.com practitioners share hands-on DevOps practices while expanding their own practice. As such, the assessment is unapologetically prescriptive and opinionated.&#13;&#10;&#13;&#10;The assessment is designed as a checklist that you can copy, complete, and make your own. The items are arranged into a taxonomy under three adoption paths -- Monitor and Optimize, Plan and Measure, Develop and Test, Release and Deploy. &#13;&#10;&#13;&#10;  [ Plan and Measure][Develop and Test][Release and Deploy]&#13;&#10;  [ --------------------- Monitor and Optimize ------------------- ] &#13;&#10;&#13;&#10;These paths, [link: coined by IBM|http://resources.sei.cmu.edu/asset_files/Presentation/2014_017_101_90315.pdf], represent three notable perspectives that are part of a continual application lifecycle loop.&#13;&#10;&#13;&#10;For each item in the assessment, links are provided with some items where additional information or clarification may be needed. Ultimately, each item will be linked to its own implementation guide, where we can create and share best practices. &#13;&#10;&#13;&#10;For a higher-level maturity assessment, see the very excellent [link: DevOps Checklist|http://devopschecklist.com] site. &#13;&#10;&#13;&#10;References&#13;&#10;&#13;&#10;* [link: ISVforce Guide|https://developer.salesforce.com/docs/atlas.en-us.packagingGuide.meta/packagingGuide/]&#13;&#10;* [link: Force.com Migration Toolkit|https://developer.salesforce.com/docs/atlas.en-us.daas.meta/daas/] &#13;&#10;* [link: Force.com Data Loader|https://developer.salesforce.com/docs/atlas.en-us.dataLoader.meta/dataLoader/]&#13;&#10;* Salesforce Trailhead&#13;&#10;  * [link: Apex Integration Services|https://developer.salesforce.com/trailhead/en/module/apex_integration_services]&#13;&#10;  * [link: Apex Testing Trailhead|https://developer.salesforce.com/trailhead/en/module/apex_testing]&#13;&#10;  * [link: Application Lifecycle Management|https://developer.salesforce.com/trailhead/en/module/alm_deployment]&#13;&#10;  * [link: Change Management|https://developer.salesforce.com/trailhead/en/module/app_deployment]&#13;&#10;  * [link: ISV Basics|https://developer.salesforce.com/trailhead/en/module/isvforce_basics]&#13;&#10;  * [link: Process Automation|https://developer.salesforce.com/trailhead/en/module/business_process_automation]&#13;&#10;  * [link: Salesforce Ecosystem|https://developer.salesforce.com/trailhead/en/module/salesforce_advantange_ecosystem]&#13;&#10;  * [link: Salesforce Technology Basics|https://developer.salesforce.com/trailhead/en/module/salesforce_advantange_how_we_do_it]&#13;&#10;  * [link: Wave Analytics Basics|https://developer.salesforce.com/trailhead/en/module/wave_analytics_basics]&#13;&#10;* Salesforce Labs &#13;&#10;  * [link: ApexUnit|https://github.com/forcedotcom/ApexUnit]&#13;&#10;  * [link: Cinnamon|https://github.com/forcedotcom/cinnamon]&#13;&#10;  * [link: Force.com CLI|https://force-cli.heroku.com]&#13;&#10;* SDLC Guides&#13;&#10;  * [link: Atlassian Design Approach|https://design.atlassian.com/how-we-design/approach/]&#13;&#10;  * [link: Scrum Video Training Series|http://scrumtrainingseries.com]&#13;&#10;    * [link: Official Scrum Guide|http://www.scrumguides.org]&#13;&#10;* DevOps &#13;&#10; * [link: DevOps for Dummies|https://adtmag.com/~/media/C25FD1AEDB2F435FBD244E11BCC2D39C.PDF] (PDF)&#13;&#10;  * Self Assessments&#13;&#10;    * [link: DevOps Checklist|http://devopschecklist.com]&#13;&#10;    * [link: IBM DevOps Self-Assessment|https://www-01.ibm.com/marketing/iwm/iwm/web/signup.do?source=swg-rtl-sd-calc&amp;S_PKG=ov24988]&#13;&#10;    * [link: Microsoft DevOps Self-Assessment|http://devopsassessment.azurewebsites.net]" user="DreamOps Crew" _user_id="99650"/>
      <outline text="Solutions to Monitor and Optimize" status="open" _status="indeterminate">
        <outline text="Rapid review of incoming defect reports" status="open" _status="indeterminate"/>
        <outline text="... with well-defined heurstics to triage issues and schedule fix, such as a [link: decision tree|https://en.wikipedia.org/wiki/Decision_tree]" status="open" _status="indeterminate"/>
        <outline text="... with immediate handling of critical defects" status="open" _status="indeterminate"/>
        <outline text="... with near-term resolution of all reports, even if it's won't fix" status="open" _status="indeterminate"/>
        <outline text="Managed mock customer to support troubleshooting" status="open" _status="indeterminate">
          <outline text="... using Trialforce to access prior versions" status="open" _status="indeterminate"/>
          <outline text="... with updated mock data" status="open" _status="indeterminate"/>
        </outline>
        <outline text="Google Analytics usage reporting and monitoring" status="open" _status="indeterminate"/>
        <outline text="... correlated to feature sets" status="open" _status="indeterminate"/>
        <outline text="Help for this Page" status="open" _status="indeterminate">
          <outline text="...  using Visualforce pages" status="open" _status="indeterminate"/>
          <outline text="... using Help for this Page using external website" status="open" _status="indeterminate"/>
        </outline>
        <outline text="Customer help site" status="open" _status="indeterminate"/>
        <outline text="... with hands-on tutorials" status="open" _status="indeterminate"/>
        <outline text="... with a Learning Management System (LMS)" status="open" _status="indeterminate"/>
        <outline text="trust.yourcompany.com" status="open" _status="indeterminate"/>
        <outline text="... a &quot;source of truth&quot; for system status" status="open" _status="indeterminate"/>
        <outline text="... with schedules for system changes and upgrades" status="open" _status="indeterminate"/>
        <outline text="... with alerts for notable events and unexpected issues" status="open" _status="indeterminate"/>
        <outline text="success.yourcompany.com" status="open" _status="indeterminate"/>
        <outline text="... an open forum for customer collaboration" status="open" _status="indeterminate"/>
        <outline text="... with a suggestion area for customer ideas and feature requests" status="open" _status="indeterminate"/>
        <outline text="... with a known issues area for notable problems" status="open" _status="indeterminate"/>
        <outline text="Cloud-based logging" status="open" _status="indeterminate"/>
        <outline text="... with customer alerts on specific events" status="open" _status="indeterminate"/>
        <outline text="... with adjust logging mode at run time" status="open" _status="indeterminate"/>
        <outline text="... with monitoring dashboard" status="open" _status="indeterminate"/>
        <outline text="... with support for multiple logging platforms" status="open" _status="indeterminate"/>
        <outline text="Customer usage metrics reporting and monitoring" status="open" _status="indeterminate"/>
        <outline text="... using default dashboard" status="open" _status="indeterminate"/>
        <outline text="... using custom reports" status="open" _status="indeterminate"/>
        <outline text="... correlated to features sets" status="open" _status="indeterminate"/>
        <outline text="... integrated with Google Analtycis" status="open" _status="indeterminate"/>
      </outline>
      <outline text="Solutions to Plan and Measure" status="open" _status="indeterminate">
        <outline text="Unambiguous, testable definitions of done" status="open" _status="indeterminate"/>
        <outline text="Visual walkthroughs for notable changes" status="open" _status="indeterminate"/>
        <outline text="Pre-defined user acceptance test suite" status="open" _status="indeterminate"/>
        <outline text="Prototype Help Topics and/or User Tutorials" status="open" _status="indeterminate"/>
        <outline text="Prototype Developer Guides" status="open" _status="indeterminate"/>
        <outline text="Mock customer to support feature planning" status="open" _status="indeterminate"/>
        <outline text="... with well-defined [link: personas|https://design.atlassian.com/how-we-design/personas/]" status="open" _status="indeterminate"/>
        <outline text="... with personas shared with marketing" status="open" _status="indeterminate"/>
        <outline text="... with sample data that is updated to cover new features" status="open" _status="indeterminate"/>
        <outline text="Metrics captured for key procedures" status="open" _status="indeterminate"/>
        <outline text="... as input to [link: Key Performance Indicators|https://en.wikipedia.org/wiki/Performance_indicator]" status="open" _status="indeterminate"/>
        <outline text="... to substantiate internal or external [link: Service Level Agreements|https://developer.salesforce.com/docs/atlas.en-us.apexcode.meta/apexcode/apex_rest.htm]" status="open" _status="indeterminate"/>
        <outline text="... as part of a [link: Hansei (continual improvement) process|https://en.wikipedia.org/wiki/Hansei]" status="open" _status="indeterminate"/>
      </outline>
      <outline text="Solutions to Develop and Test" status="open" _status="indeterminate">
        <outline text="Repeatable processes" status="open" _status="indeterminate">
          <outline text="[link: Agile board|https://www.mountaingoatsoftware.com/agile/scrum/task-boards] to visualize and define workflow" status="open" _status="indeterminate"/>
          <outline text="... Notable transitions are posted to group chat" status="open" _status="indeterminate"/>
          <outline text="[link: Checklists for routine operations|https://blog.serverdensity.com/how-and-why-we-use-devops-checklists/]" status="open" _status="indeterminate"/>
          <outline text="... with [link: work instructions|http://asq.org/service/body-of-knowledge/tools-work-instructions] for notable checkpoints" status="open" _status="indeterminate"/>
        </outline>
        <outline text="Version control repository to maintain metadata source" status="open" _status="indeterminate">
          <outline text="Tracking IDs for each change set (JIRA ID)" status="open" _status="indeterminate"/>
          <outline text="Managed package.xml manifests" status="open" _status="indeterminate"/>
          <outline text="Resource repository for build dependencies (Salesforce-Ant.JAR)" status="open" _status="indeterminate"/>
          <outline text="Notable changes listed for each version ([link: changelog|https://en.wikipedia.org/wiki/Changelog])" status="open" _status="indeterminate"/>
          <outline text="Script to list of components added from prior package version" status="open" _status="indeterminate"/>
          <outline text="Tags for each version" status="open" _status="indeterminate"/>
          <outline text="Branch for each patch org" status="open" _status="indeterminate"/>
          <outline text="Distributed (mirrored) respositories to eliminate downtime" status="open" _status="indeterminate"/>
        </outline>
        <outline text="Separate environments for each development task" status="open" _status="indeterminate">
          <outline text="... using developer sandboxes" status="open" _status="indeterminate"/>
          <outline text="... using Trialforce instances" status="open" _status="indeterminate"/>
          <outline text="... starting from an empty instance or sandbox, with dependencies enabled" status="open" _status="indeterminate"/>
          <outline text="... with a web form to request a Trialforce instance [link: via the Signup API|https://developer.salesforce.com/docs/atlas.en-us.packagingGuide.meta/packagingGuide/trialforce_signup_api_introduction.htm]" status="open" _status="indeterminate"/>
          <outline text="... fully configured and made ready to use (via [link: proxy signup|https://developer.salesforce.com/docs/atlas.en-us.packagingGuide.meta/packagingGuide/trialforce_proxy_signup.htm])" status="open" _status="indeterminate"/>
        </outline>
        <outline text="Meaningful unit test coverage" status="open" _status="indeterminate">
          <outline text="[link: Factory objects to inject test data|https://developer.salesforce.com/trailhead/en/apex_testing/apex_testing_data]" status="open" _status="indeterminate"/>
          <outline text="90%+ code coverage with effective assertions" status="open" _status="indeterminate">
            <outline type="note" isComment="true" text="Should ApexTests create scenarios that exercise multipole methods, or test each API method in isolation? -- https://developer.salesforce.com/page/How_to_Write_Good_Unit_Tests" user="DreamOps Crew" _user_id="99650"/>
          </outline>
          <outline text="Regression tests to prove each resolved defect is fixed" status="open" _status="indeterminate"/>
          <outline text="[link: Web service mocks to test callouts|https://developer.salesforce.com/docs/atlas.en-us.apexcode.meta/apexcode/apex_callouts_wsdl2apex_testing.htm]" status="open" _status="indeterminate"/>
          <outline text="Tests organized into suites" status="open" _status="indeterminate"/>
          <outline text="Script to relaunch failed tests" status="open" _status="indeterminate">
            <outline type="note" isComment="true" text="Chrome Bookmarklet: javascript:for(var a=document.querySelector(&quot;.x-grid-group&quot;).querySelectorAll(&quot;img.Failed&quot;),b={},c=0;c&lt;a.length;c++){for(var d=a[c];&quot;TR&quot;!==d.nodeName;)d=d.parentNode;b[d.querySelector(&quot;a&quot;).nextSibling.textContent.trim()]=!0}for(var f=document.querySelectorAll(&quot;#testOverlay .x-grid3-row:not(.x-grid3-row-selected)&quot;),c=0;c&lt;f.length;c++){var g=f[c].querySelectorAll(&quot;td&quot;);b.hasOwnProperty(g[1].textContent)&amp;&amp;(e=new MouseEvent(&quot;mousedown&quot;,{bubbles:!0}),g[0].querySelector(&quot;.x-grid3-row-checker&quot;).dispatchEvent(e))};" user="DreamOps Crew" _user_id="99650"/>
          </outline>
          <outline text="UI integrations tests in [link: Selenium|https://developer.salesforce.com/blogs/engineering/2013/06/automated-testing-using-selenium-at-salesforce.html] or [link: Cinnamon|https://github.com/forcedotcom/cinnamon]" status="open" _status="indeterminate"/>
          <outline text="Each test method passing in five seconds or less" status="open" _status="indeterminate"/>
          <outline text="Package uploads averaging 20 minutes or less" status="open" _status="indeterminate"/>
        </outline>
        <outline text="Peer review of development tasks" status="open" _status="indeterminate">
          <outline text="Script to [link: Work with Field Sets|https://chrome.google.com/webstore/detail/salesforce-field-set-api/afmglmjkjhbcflfgfaoibnnaopjimhha]" status="open" _status="indeterminate"/>
          <outline text="Strong naming conventions" status="open" _status="indeterminate">
            <outline text="... for components" status="open" _status="indeterminate"/>
            <outline text="... for Apex elements" status="open" _status="indeterminate"/>
            <outline text=" ... for internal orgs" status="open" _status="indeterminate"/>
            <outline text="... for Git branches" status="open" _status="indeterminate"/>
            <outline text=" ... for build scripts" status="open" _status="indeterminate"/>
          </outline>
          <outline text="Unit tests that define the public and global API contracts" status="open" _status="indeterminate"/>
          <outline text="Apex Docs for global classes" status="open" _status="indeterminate"/>
          <outline text="Apex Docs for public classes" status="open" _status="indeterminate"/>
          <outline text="Script to [link: Filter change sets|https://chrome.google.com/webstore/detail/salesforce-change-set-ass/halgnjjpjodohklhpacagljceggiiplf]" status="open" _status="indeterminate"/>
        </outline>
        <outline text="Static analysis of Apex classes" status="open" _status="indeterminate">
          <outline text="... using the Force.com scanning service" status="open" _status="indeterminate"/>
          <outline text="... using a local service, such as SonarQube" status="open" _status="indeterminate"/>
          <outline text="... with an Apex language extension" status="open" _status="indeterminate"/>
          <outline text="... backed by a process that resolves found issues" status="open" _status="indeterminate"/>
        </outline>
        <outline text="Mock customer to support development and testing" status="open" _status="indeterminate">
          <outline text="External ID for each record in managed data set" status="open" _status="indeterminate"/>
          <outline text="Mock data maintained under version control" status="open" _status="indeterminate"/>
          <outline text="... in same repository as source code" status="open" _status="indeterminate"/>
          <outline text="Mock data updated alongside code changes" status="open" _status="indeterminate"/>
          <outline text="Remote clear of records without External ID (after testing)" status="open" _status="indeterminate"/>
          <outline text="Test plans that include using very large data sets" status="open" _status="indeterminate"/>
        </outline>
        <outline text="Trialforce instances" status="open" _status="indeterminate">
          <outline text="... for customer demos" status="open" _status="indeterminate"/>
          <outline text="... and/or user acceptance testing" status="open" _status="indeterminate"/>
          <outline text="... and/or package development" status="open" _status="indeterminate"/>
          <outline text="... with each major and patch version" status="open" _status="indeterminate"/>
          <outline text="... with self-service deployment via Signup API (web form in your business org)" status="open" _status="indeterminate"/>
          <outline text="... with scripted changes to trial instances via [link: proxy signup|https://developer.salesforce.com/docs/atlas.en-us.packagingGuide.meta/packagingGuide/trialforce_proxy_signup.htm]" status="open" _status="indeterminate"/>
          <outline text="... with dates adjusted to org creation date" status="open" _status="indeterminate"/>
        </outline>
        <outline text="Mirror packages using alternative prefixes" status="open" _status="indeterminate">
          <outline text="... as an alternative to beta versions" status="open" _status="indeterminate"/>
          <outline text="... to prototype API changes" status="open" _status="indeterminate"/>
          <outline text="... as a prototype dependency for an extension package" status="open" _status="indeterminate"/>
          <outline text="... with dynamic prefix replacement during build and deploy" status="open" _status="indeterminate"/>
        </outline>
        <outline text="User-accessible validation toggles for packaged triggers" status="open" _status="indeterminate"/>
        <outline text="[link: Feature Toggles|https://en.wikipedia.org/wiki/Feature_toggle] for classes and triggers" status="open" _status="indeterminate"/>
        <outline text="... using Custom Settings via the Subscriber  Login" status="open" _status="indeterminate"/>
        <outline text="... using an [link: Apex web service|https://developer.salesforce.com/docs/atlas.en-us.apexcode.meta/apexcode/apex_rest.htm] with API and Customer keys" status="open" _status="indeterminate"/>
        <outline text="... and/or using permission sets" status="open" _status="indeterminate"/>
        <outline text="... distinguished as either [link: business toggles or release toggles|https://dzone.com/articles/feature-toggles-are-one-worst]" status="open" _status="indeterminate"/>
      </outline>
      <outline text="Solutions to Release and Deploy" status="open" _status="indeterminate">
        <outline text="Build agents to automate deployment" status="open" _status="indeterminate">
          <outline text="Email alerts on failed builds" status="open" _status="indeterminate"/>
          <outline text="Build failures are reported to group chat" status="open" _status="indeterminate"/>
          <outline text="Popular build tasks can be launched from group chat" status="open" _status="indeterminate"/>
          <outline text="(metadata)" status="open" _status="indeterminate">
            <outline text="[link: Remove unpackaged metadata data from org|http://developer.salesforce.org/CumulusCI/#build-targets]" status="open" _status="indeterminate"/>
            <outline text="Retrieve unpackaged metadata snapshot from org to branch" status="open" _status="indeterminate"/>
            <outline text=" ... with local custom fields on packaged objects" status="open" _status="indeterminate"/>
            <outline text="Retrieve packaged metadata from org to branch" status="open" _status="indeterminate"/>
            <outline text="... and commit updated components to version control" status="open" _status="indeterminate"/>
            <outline text="... and merge new components into another package" status="open" _status="indeterminate"/>
            <outline text="Deploy branch from repository to org" status="open" _status="indeterminate"/>
            <outline text="... and compile all classes" status="open" _status="indeterminate"/>
            <outline text="... and run all tests" status="open" _status="indeterminate"/>
            <outline text="... with alerts on failed tests" status="open" _status="indeterminate"/>
            <outline text="Run all tests remotely" status="open" _status="indeterminate"/>
            <outline text="... and compile all classes" status="open" _status="indeterminate"/>
            <outline text="... with alerts on failed tests" status="open" _status="indeterminate"/>
            <outline text="... with scheduling" status="open" _status="indeterminate"/>
            <outline text="Automatic [link: branch org|https://success.salesforce.com/ideaView?id=08730000000BqDaAAK] deployments to vet Apex tests with prefix enabled" status="open" _status="indeterminate"/>
          </outline>
          <outline text="(updates)" status="open" _status="indeterminate">
            <outline text="[link: Install or upgrade package to org via API|https://developer.salesforce.com/docs/atlas.en-us.packagingGuide.meta/packagingGuide/packaging_api_introduction.htm]" status="open" _status="indeterminate"/>
            <outline text="... and uninstall unmodified packages" status="open" _status="indeterminate"/>
            <outline text="[link: Deploy metadata updates to org via API|https://github.com/financialforcedev/apex-mdapi]" status="open" _status="indeterminate"/>
            <outline text="... to merge layout changes" status="open" _status="indeterminate"/>
            <outline text="... automate upgrade steps" status="open" _status="indeterminate"/>
            <outline text="Deploy profiles from branch to org via API" status="open" _status="indeterminate"/>
          </outline>
          <outline text="(object data)" status="open" _status="indeterminate">
            <outline text="Retrieve object data from org to branch" status="open" _status="indeterminate"/>
            <outline text="Deploy object data from branch to org" status="open" _status="indeterminate"/>
            <outline text="Retrieve object data from database to branch" status="open" _status="indeterminate"/>
            <outline text="Deploy object data from database to org" status="open" _status="indeterminate"/>
            <outline text="... with SQL support" status="open" _status="indeterminate"/>
            <outline text="... with RecordType mapping" status="open" _status="indeterminate"/>
            <outline text="Clone partial data set to developer sandboxes from production data" status="open" _status="indeterminate"/>
            <outline text="... with custom settings synced between orgs and sandboxes" status="open" _status="indeterminate"/>
            <outline text="... with disabled sandbox email addresses (user@domain.tld -&gt; user=domain.tld@example.com)" status="open" _status="indeterminate"/>
            <outline text="... with anonymized data" status="open" _status="indeterminate"/>
            <outline text="Refresh full or partial sandbox data from production" status="open" _status="indeterminate"/>
          </outline>
          <outline text="(help content)" status="open" _status="indeterminate">
            <outline text="Deploy help content from branch to web site" status="open" _status="indeterminate"/>
            <outline text="... with separate versions of help site -- such as develop, preview, and current release" status="open" _status="indeterminate"/>
            <outline text="Deploy Apex Docs from branch to web help site" status="open" _status="indeterminate"/>
            <outline text="... with separate versions of Apex Docs -- such as develop, preview, and current release" status="open" _status="indeterminate"/>
          </outline>
        </outline>
        <outline text="External regression test suite to exercise API" status="open" _status="indeterminate"/>
        <outline text="Chaos testing" status="open" _status="indeterminate">
          <outline text="... to exercise regression tests against API changes" status="open" _status="indeterminate"/>
          <outline text="... to exercise external integration failsafes" status="open" _status="indeterminate"/>
        </outline>
        <outline text="[link: Package installs or updates using the API|https://developer.salesforce.com/docs/atlas.en-us.packagingGuide.meta/packagingGuide/packaging_api_introduction.htm]" status="open" _status="indeterminate"/>
        <outline text="Completed Help Topics, Tutorials, and/or Developer Guides" status="open" _status="indeterminate"/>
        <outline text="App Exchange listing updated to the latest package version" status="open" _status="indeterminate"/>
        <outline text="Script to execute anonymous script until failure" status="open" _status="indeterminate"/>
      </outline>
    </outline>
  </body>
</opml>
