<?xml version="1.0"?>
<opml version="2.0">
  <head>
    <title>File a Case with Salesforce Support</title>
    <dateModified>Sat, 13 Feb 2016 14:55:45 -0700</dateModified>
    <ownerName>DreamOps Crew</ownerName>
  </head>
  <body>
    <outline text="... Person Accounts" status="open" _status="indeterminate"/>
    <outline text="... Enable Component Deletion" status="open" _status="indeterminate"/>
    <outline text="... Increase Code Storage" status="open" _status="indeterminate"/>
    <outline text="... Patch Org Fails to Deploy" status="open" _status="indeterminate"/>
    <outline text="... Patch Org Fails to Upload" status="open" _status="indeterminate"/>
  </body>
</opml>
