<?xml version="1.0"?>
<opml version="2.0">
  <head>
    <title>Backlog</title>
    <dateModified>Sat, 13 Feb 2016 14:29:45 -0700</dateModified>
    <ownerName>DreamOps Crew</ownerName>
  </head>
  <body>
    <outline text="Update Roadmap" status="open" _status="indeterminate"/>
    <outline text="DreamOps Channel / Feedly" status="open" _status="indeterminate">
      <outline text="Harvest likely suspects" status="closed" _status="checked"/>
      <outline text="Host on pro Feedly account." status="closed" _status="checked"/>
      <outline text="Post to Site" status="closed" _status="checked">
        <outline text="Planet Dreamops collects together blogs from the most influential writers in the Force.com technoverse. Check out our Feedly shared collections and see for  yourself. &#x2014; http://feedly.com/dreamops/" status="closed" _status="checked"/>
        <outline text="Public Feedlies" status="closed" _status="checked">
          <outline text="http://feedly.com/GuyKawasaki&#10;http://feedly.com/mit&#10;http://feedly.com/annie&#10;http://feedly.com/thoughtworks&#10;http://feedly.com/sethgodin" status="closed" _status="checked"/>
        </outline>
      </outline>
      <outline text="Filter NimbleAMS Technical Blogs" status="open" _status="indeterminate">
        <outline text="http://umbraco.com/follow-us/blog-archive/2009/12/4/blog-4-umbraco-204-rss-feeds/" status="open" _status="indeterminate"/>
      </outline>
    </outline>
    <outline text="Announce to Group" status="open" _status="indeterminate">
      <outline text="Discover the very best that Salesforce has to offer -- Planet DreamOps collects together blogs from the most influential writers in the Salesforce technoverse. Whether you are a Coder, Admin, or Ninja, you'll find the latest and greatest tips, tricks, and tidbits -- all ready to hang from your Force.com utility belt. Check out our Feedly shared collections and see for yourself. &#x2014; http://DreamOps.org/Planet -- Did we miss your favorite blogger? If so, let us know here!" status="open" _status="indeterminate"/>
    </outline>
    <outline text="Fork Metics Visualization app" status="open" _status="indeterminate"/>
  </body>
</opml>
