<?xml version="1.0"?>
<opml version="2.0">
  <head>
    <title>Assessments</title>
    <dateModified>Sat, 13 Feb 2016 14:38:15 -0700</dateModified>
    <ownerName>DreamOps Crew</ownerName>
  </head>
  <body>
    <outline text="DevOps Assessment - Microsoft -- http://devopsassessment.azurewebsites.net/" status="open" _status="indeterminate">
      <outline text="Production First Mindset" status="open" _status="indeterminate">
        <outline type="note" isComment="true" text="Production is the heart of any software delivery organization, and the best ones recognize that the real production should be top priority for every team member in every role, not just IT operations. Intermediate artifacts like documents and disconnected pre-prod environments are not enough. High performers always track the live site status, remediate any live site issues at root cause, and proactively identify any outliers in performance to see why they are experiencing slowdowns." user="DreamOps Crew" _user_id="99650"/>
        <outline text="How are issues in production reported to the development team?" status="open" _status="indeterminate">
          <outline text="Instrumentation generated automated alerts to all affected teams" status="open" _status="indeterminate"/>
          <outline text="End-user requests/complaints (via phone, email, help desk, account reps, social media, and so forth)" status="open" _status="indeterminate"/>
          <outline text="Issue tracking tools, available to all teams in real time" status="open" _status="indeterminate"/>
          <outline text="Service desk tools, reported separate to dev team" status="open" _status="indeterminate"/>
        </outline>
        <outline text="How long does it take to make a one-line change and deploy the new software to fix a critical production issue?" status="open" _status="indeterminate">
          <outline text="Less than a week" status="open" _status="indeterminate"/>
          <outline text="Less than a day" status="open" _status="indeterminate"/>
          <outline text="More than a week" status="open" _status="indeterminate"/>
          <outline text="Less than an hour" status="open" _status="indeterminate"/>
        </outline>
        <outline text="How do development and operations teams collaborate during a production issue?" status="open" _status="indeterminate">
          <outline text="With a joint retrospective to review the issue once it's resolved, and plan for next time" status="open" _status="indeterminate"/>
          <outline text="Development experts and operations experts work together in cross-functional teams" status="open" _status="indeterminate"/>
          <outline text="They collaborate, in a physical team room/&quot;war room&quot; or online chat room, IRC, IM, or other real-time messaging channel" status="open" _status="indeterminate"/>
          <outline text="They work independently, with email or occasional meetings during the  issue" status="open" _status="indeterminate"/>
        </outline>
      </outline>
      <outline text="Backlog Groomed with Learning" status="open" _status="indeterminate">
        <outline type="note" isComment="true" text="The Backlog is the stack of work to be done. Different organizations plan, define and manage requirements and projects differently. This can include how you engage with stakeholders and how you request, capture, and track work. It can also include how well you align, agree, and make decisions. High performers treat the backlog as a set of hypotheses, which we need to turn into experiments, and for which they need to collect data that supports or diminishes the hypotheses. Based on that evidence they can determine the next move in the backlog and persevere (do more) or pivot (do something different)." user="DreamOps Crew" _user_id="99650"/>
        <outline text="How often do you deploy any new features/functionality to production?" status="open" _status="indeterminate">
          <outline text="At least one per month" status="open" _status="indeterminate"/>
          <outline text="At least once per two weeks" status="open" _status="indeterminate"/>
          <outline text="At least once per day" status="open" _status="indeterminate"/>
          <outline text="Less than once per month" status="open" _status="indeterminate"/>
        </outline>
        <outline text="What is your policy toward Software-as-a-Service (SaaS)?" status="open" _status="indeterminate">
          <outline text="We do not use SaaS" status="open" _status="indeterminate"/>
          <outline text="We encourage SaaS where it suits the business needs and conforms to standard policy" status="open" _status="indeterminate"/>
          <outline text="SaaS needs to go through management review and approval, case by case" status="open" _status="indeterminate"/>
          <outline text="We have a list of preferred SaaS vendors and build corporate applications around their services" status="open" _status="indeterminate"/>
          <outline text="We do not have a policy" status="open" _status="indeterminate"/>
        </outline>
        <outline text="How do you provide API access to your services?" status="open" _status="indeterminate">
          <outline text="We do not support API access" status="open" _status="indeterminate"/>
          <outline text="We encourage API access to our services from partners" status="open" _status="indeterminate"/>
          <outline text="We use API access to promote single sign-on, data sharing, service hooks, and easy access" status="open" _status="indeterminate"/>
          <outline text="We monitor API access to our services" status="open" _status="indeterminate"/>
        </outline>
      </outline>
      <outline text="Evidence Gathered in Production" status="open" _status="indeterminate">
        <outline type="note" isComment="true" text="Good decisions are informed by data. High performers instrument everything, not just for health, availability, performance, and other qualities of service, but to understand usage and to collect evidence relative to the backlog hypotheses. For example, they will experiment with changes to user experience and measure the impact on conversion rates in the funnel. They will contrast usage data among cohorts, such as weekday and weekend users, to hypothesize ways of improving the experience for each." user="DreamOps Crew" _user_id="99650"/>
        <outline text="How do you measure code quality?" status="open" _status="indeterminate">
          <outline text="Analysis in production" status="open" _status="indeterminate"/>
          <outline text="Pre-production code profiling, static code analysis, or unit test/code coverage" status="open" _status="indeterminate"/>
          <outline text="Based on bugs found" status="open" _status="indeterminate"/>
          <outline text="Code reviews" status="open" _status="indeterminate"/>
        </outline>
        <outline text="What are the policies around corporate data?" status="open" _status="indeterminate">
          <outline text="We encourage customer self-service when appropriate and consistent with policy" status="open" _status="indeterminate"/>
          <outline text="Remote desktop sessions are the only allowed access" status="open" _status="indeterminate"/>
          <outline text="Permission-based, read-only access to systems or record when it service the business interest" status="open" _status="indeterminate"/>
          <outline text="No one can access corporate data outside the firewall" status="open" _status="indeterminate"/>
        </outline>
        <outline text="How are defects described to the development team?" status="open" _status="indeterminate">
          <outline text="Relevant logfile/diagnostics data automated included with incident report" status="open" _status="indeterminate"/>
          <outline text="In terms of unmet acceptance criterial or failing test case(s)" status="open" _status="indeterminate"/>
          <outline text="As reported by the stakeholder/user" status="open" _status="indeterminate"/>
          <outline text="Video of user interaction or action log of user gestures" status="open" _status="indeterminate"/>
        </outline>
      </outline>
      <outline text="Flow of Customer Value" status="open" _status="indeterminate">
        <outline type="note" isComment="true" text="Flow refers to an organization&#x2019;s ability to move software swiftly from initial idea through creation and validation into a production release, without impediments or rework loops. Reduced rework allows teams to focus on delivering more net-new value. Shorter cycle times support increased responsiveness, in turn fostering stakeholder satisfaction and trust." user="DreamOps Crew" _user_id="99650"/>
        <outline text="How do you ensure quality-of-service or non-functional requirements are met?" status="open" _status="indeterminate">
          <outline text="We automate all the testing for performance, security, localization, and other qualities of service" status="open" _status="indeterminate"/>
          <outline text="We test in production against our running services to ensure that they perform for real users and cannot be breached" status="open" _status="indeterminate"/>
          <outline text="We write down all the requirements" status="open" _status="indeterminate"/>
          <outline text="We have a consistent definition of done" status="open" _status="indeterminate"/>
        </outline>
        <outline text="What do you do with the usage data from your applications?" status="open" _status="indeterminate">
          <outline text="Usage data informs the next steps in the product backlog" status="open" _status="indeterminate"/>
          <outline text="Usage data is inferred through feature requests and bug reports" status="open" _status="indeterminate"/>
          <outline text="Usage data is tracked by the marketing department" status="open" _status="indeterminate"/>
          <outline text="Usage data is combined with performance data and treated as the results of experiments that are run in every release or A/B test" status="open" _status="indeterminate"/>
          <outline text="Usage data is not tracked" status="open" _status="indeterminate"/>
        </outline>
        <outline text="How do you validate user experience designs?" status="open" _status="indeterminate">
          <outline text="A/B testing in production" status="open" _status="indeterminate"/>
          <outline text="Storyboard review with product owner/internal stakeholders" status="open" _status="indeterminate"/>
          <outline text="Written spec/doc review" status="open" _status="indeterminate"/>
          <outline text="Storyboard review with users" status="open" _status="indeterminate"/>
        </outline>
      </outline>
      <outline text="Team Autonomy and Enterprise Alignment" status="open" _status="indeterminate">
        <outline text="When IT discovers a project that does not fit corporate policy, what happens?" status="open" _status="indeterminate"/>
        <outline text="How do you prioritize work?" status="open" _status="indeterminate"/>
        <outline text="How do you manage suppliers?" status="open" _status="indeterminate"/>
      </outline>
    </outline>
    <outline text="DevOps Assessment - IBM -- http://www.surveygizmo.com/s3/1659087/IBM-DevOps-Self-Assessment" status="open" _status="indeterminate">
      <outline text="Steer - (Measure, Collaborate, Strategy, Requirements, Management, Prioritization)" status="open" _status="indeterminate">
        <outline text="Measure" status="open" _status="indeterminate">
          <outline text="Measures are defined for individual project health and progress." status="open" _status="indeterminate"/>
          <outline text="Application and product level measures are locally defined." status="open" _status="indeterminate"/>
          <outline text="Measurements taken by teams or projects are exclusive to progress and risk." status="open" _status="indeterminate"/>
          <outline text="Metrics are used for programs to understand scope, change, and progress of activities across projects." status="open" _status="indeterminate"/>
        </outline>
        <outline text="Collaborate - Platform" status="open" _status="indeterminate">
          <outline text="Team-based communication and collaboration is seen to be somewhat managed and controlled." status="open" _status="indeterminate"/>
          <outline text="Information is usually stored and shared on a software platform rather than in people's heads." status="open" _status="indeterminate"/>
          <outline text="The importance of documentation and knowledge management is accepted within the organization." status="open" _status="indeterminate"/>
        </outline>
        <outline text="Collaborate - Practices" status="open" _status="indeterminate">
          <outline text="Well-defined practices for collaboration are valued and used consistently by all teams." status="open" _status="indeterminate"/>
          <outline text="Expectations and standardized collaboration practices processes are understood and used." status="open" _status="indeterminate"/>
          <outline text="A common software delivery environment is available for in-context collaboration, visibility of linked information, and sharing assets." status="open" _status="indeterminate"/>
        </outline>
        <outline text="Collaborate - Impact" status="open" _status="indeterminate">
          <outline text="The impact of collaboration between Stakeholders, Development, Quality, and Operations teams is measured through the completeness of linked lifecycle information, the quality of linked information and the effectiveness of work." status="open" _status="indeterminate"/>
        </outline>
        <outline text="Strategy" status="open" _status="indeterminate">
          <outline text="Program and project objectives are documented into charters or business need specifications to initialize projects." status="open" _status="indeterminate"/>
          <outline text="Architecture is documented for application components and interfaces." status="open" _status="indeterminate"/>
          <outline text="Business goals are defined and managed at enterprise [level]." status="open" _status="indeterminate"/>
          <outline text="Strategy is reviewed periodically to assess risk and cancel or postpone projects." status="open" _status="indeterminate"/>
        </outline>
        <outline text="Requirements" status="open" _status="indeterminate">
          <outline text="A managed elicitation process is planned, performed, monitored, and controlled for programs, projects or teams." status="open" _status="indeterminate"/>
          <outline text=" The process contributes work products. Impact analysis is performed at a project&#x2019;s business requirement level." status="open" _status="indeterminate"/>
          <outline text="Application teams select practices used in their projects based on their objectives." status="open" _status="indeterminate"/>
          <outline text="Measures assess completion of requirements information." status="open" _status="indeterminate"/>
        </outline>
        <outline text="Management" status="open" _status="indeterminate">
          <outline text="Projects are managed as a sequence of phased activities (requirements, construction, test, etc) that are performed independently with formal approval gates." status="open" _status="indeterminate"/>
          <outline text="A formal process is used to revert to a previously completed phase to address change." status="open" _status="indeterminate"/>
          <outline text="Measures focus on schedule and risk only." status="open" _status="indeterminate"/>
        </outline>
        <outline text="Prioritization - Coordination" status="open" _status="indeterminate">
          <outline text="Prioritization is managed by a strategic team that only drives strategic investments." status="open" _status="indeterminate"/>
          <outline text="Project level objectives use strategy inputs but are defined and changed independently." status="open" _status="indeterminate"/>
          <outline text="Vendor and key development and delivery organizations are contracted based on input from strategy but coordinated independently." status="open" _status="indeterminate"/>
        </outline>
        <outline text="Prioritization - Platform" status="open" _status="indeterminate">
          <outline text="A common collaboration platform is used during the early stages of solution definition to keep all parties on the same page and to ensure strategy changes are communicated across key organizations and vendors." status="open" _status="indeterminate"/>
          <outline text="Common process and environment for collaboration is in place with vendors and key organizations to define and manage priorities against changing demands" status="open" _status="indeterminate"/>
        </outline>
        <outline text="Prioritization - Execution" status="open" _status="indeterminate">
          <outline text="Priorities are translated into project execution tasks in the form of business requirements and application change activities." status="open" _status="indeterminate"/>
          <outline text="Visibility of project execution changes supports prioritization management." status="open" _status="indeterminate"/>
        </outline>
      </outline>
      <outline text="Develop / Test - (Design, Construct, Configuration Management, Build, Test, Quality Assessment)" status="open" _status="indeterminate">
        <outline text="Design" status="open" _status="indeterminate">
          <outline text="Design is focused on producing products during a phase of the project using formal processes for review and measures of completion." status="open" _status="indeterminate"/>
          <outline text="The confidence of design activities to ensure scope and requirements are understood for implementation is low and effectiveness is not measured." status="open" _status="indeterminate"/>
          <outline text="Formal method is used to review design products for approval or to improve or correct." status="open" _status="indeterminate"/>
        </outline>
        <outline text="Construct" status="open" _status="indeterminate">
          <outline text="Developers work independently and deliver code changes, deliveries are formally scheduled and resource intensive." status="open" _status="indeterminate"/>
          <outline text=" Integration is a planned event that impacts most development activities in an application or project." status="open" _status="indeterminate"/>
        </outline>
        <outline text="Configuration Management" status="open" _status="indeterminate">
          <outline text="Source control of assets is largely a manual activity that relies heavily on individuals following processes." status="open" _status="indeterminate"/>
          <outline text="Performing changes on an asset by more than one team member is only accomplished through locks and access controls." status="open" _status="indeterminate"/>
          <outline text="Merging asset changes is accomplished on desktops manually and formally scheduled by a specialized integration team." status="open" _status="indeterminate"/>
          <outline text=" Applying changes across versions for different releases is performed outside of the configuration management tool or process." status="open" _status="indeterminate"/>
        </outline>
        <outline text="Build" status="open" _status="indeterminate">
          <outline text="Builds are performed manually and automated across projects and environments." status="open" _status="indeterminate"/>
          <outline text="Build systems range from developer's IDE (usually for Dev only) to a formal centralized build server which is normally used for formal promotions to QA-Production." status="open" _status="indeterminate"/>
          <outline text="Build management and standards are controlled at the project level." status="open" _status="indeterminate"/>
          <outline text="Formal builds are scheduled following formal delivery and integration events to validate application level integration and application promotion." status="open" _status="indeterminate"/>
        </outline>
        <outline text="Quality Assessment" status="open" _status="indeterminate">
          <outline text="Crash reporting is incorporated into mobile applications to provide basic measures for quality assessment." status="open" _status="indeterminate"/>
          <outline text="Crash reporting is used to improve basic stability of the applications." status="open" _status="indeterminate"/>
        </outline>
        <outline text="Test" status="open" _status="indeterminate">
          <outline text="The main objective of testing is to validate that the product satisfies the specified requirements." status="open" _status="indeterminate"/>
          <outline text="However, testing is still seen by many stakeholders as being the project phase that follows coding." status="open" _status="indeterminate"/>
        </outline>
      </outline>
      <outline text="Deploy - (Asset Management, Configuration Change, Deploy, Prepare Definitions, Provision, Release)" status="open" _status="indeterminate">
        <outline text="Asset Management" status="open" _status="indeterminate">
          <outline text="Departments plan annual releases by application using structured phase schedules." status="open" _status="indeterminate"/>
          <outline text=" Initiatives and goals are defined outside of release management." status="open" _status="indeterminate"/>
          <outline text="Organization performs periodic risk assessments of releases/applications to determine which applications to roll into later releases." status="open" _status="indeterminate"/>
          <outline text="Impact analysis and change management is a manual process." status="open" _status="indeterminate"/>
        </outline>
        <outline text="Asset Management - Manual" status="open" _status="indeterminate">
          <outline text="Asset management supports a storage system that provides limited governance of deployable artifacts." status="open" _status="indeterminate"/>
          <outline text="Access is manually controlled by organization for distributed technologies." status="open" _status="indeterminate"/>
          <outline text="Management of artifact versions is independent of deployed status." status="open" _status="indeterminate"/>
          <outline text="Updates and deployments of deployable artifacts are performed manually or through manual process." status="open" _status="indeterminate"/>
        </outline>
        <outline text="Configuration Change - Informal" status="open" _status="indeterminate">
          <outline text="The scripts and documented manual steps to perform deployments and provisioning are versioned locally and may not have global visibility." status="open" _status="indeterminate"/>
          <outline text="Change procedures for these artifacts and their use are informal and vary across teams and departments." status="open" _status="indeterminate"/>
          <outline text="Historical versions and change requirements are not usually maintained." status="open" _status="indeterminate"/>
        </outline>
        <outline text="Deploy - Casual" status="open" _status="indeterminate">
          <outline text="Release plans are developed annually." status="open" _status="indeterminate"/>
          <outline text="Maintenance releases are planned separately and may be informal." status="open" _status="indeterminate"/>
          <outline text="Deployment assets and processes are manually defined and documented by the project/team." status="open" _status="indeterminate"/>
          <outline text="Deployment standards for each technology domain are defined by programs or lines of business." status="open" _status="indeterminate"/>
          <outline text="Deployment scripts, if available, are prepared by programs or application teams." status="open" _status="indeterminate"/>
          <outline text="Errors incurred by provisioning or deployment processes are not measured and require a formal process to resolve." status="open" _status="indeterminate"/>
        </outline>
        <outline text="Deploy - Scripted" status="open" _status="indeterminate">
          <outline text="Teams use a number of helper scripts, or a fully scripted process to stage, deploy and configure applications and middleware." status="open" _status="indeterminate"/>
          <outline text="Scripts may not be used across environments but are configuration managed for the environment(s) and application(s) they support." status="open" _status="indeterminate"/>
          <outline text="Deployments follow a standardized  process." status="open" _status="indeterminate"/>
        </outline>
        <outline text="Deploy - Automated" status="open" _status="indeterminate">
          <outline text="Application deployments are automated using standard topologies and processes." status="open" _status="indeterminate"/>
          <outline text="Teams have standard and reliable deployment processes to testing environments." status="open" _status="indeterminate"/>
          <outline text="They use fully scripted deployments behind tooling that allows for push-button deployments to some or all of their test environments." status="open" _status="indeterminate"/>
          <outline text="Automated deployment capabilities are consistent with continuous integration build capabilities and are performed at regular intervals." status="open" _status="indeterminate"/>
        </outline>
        <outline text="Provision" status="open" _status="indeterminate">
          <outline text="Environments are provisioned and updated based on specific technology needs and changes." status="open" _status="indeterminate"/>
          <outline text="Request to change environments to support a project team are documented inconsistently during a phase in the lifecycle and approved and follow on changes are formally resolved." status="open" _status="indeterminate"/>
          <outline text=" Operational architecture changes are defined by each application or application group, independently." status="open" _status="indeterminate"/>
          <outline text="Infrastructure provisioning is manual and may be supported in part by manually initiated scripting." status="open" _status="indeterminate"/>
          <outline text="Middleware scripts are developed and used by technology teams with option to manually make addition tweaks during provisioning." status="open" _status="indeterminate"/>
        </outline>
      </outline>
      <outline text="Operate - (Monitor Business Applications, Monitor Experience, Events, Optimize Applications, Optimize Engagement)" status="open" _status="indeterminate">
        <outline text="Monitor Business Applications" status="open" _status="indeterminate">
          <outline text="Technical monitoring of application resources is performed by departments." status="open" _status="indeterminate"/>
          <outline text="Monitoring is primarily used to identify resource outages." status="open" _status="indeterminate"/>
        </outline>
        <outline text="Monitor Experience, Events" status="open" _status="indeterminate">
          <outline text="All applications are monitored consistently across departments and technologies." status="open" _status="indeterminate"/>
          <outline text="A common, centralized process and technology is used." status="open" _status="indeterminate"/>
          <outline text="Monitored resources are identified within the context of business applications." status="open" _status="indeterminate"/>
          <outline text="Impact on the end user or customer context is reported for service requests or events." status="open" _status="indeterminate"/>
          <outline text=" Priorities for resolution and improvements are driven by the business context." status="open" _status="indeterminate"/>
        </outline>
        <outline text="..." status="open" _status="indeterminate">
          <outline text="Feedback from user experience is usually in the form of manually created customer complaints." status="open" _status="indeterminate"/>
          <outline text="Feedback is categorized by application or user process." status="open" _status="indeterminate"/>
        </outline>
        <outline text="Optimize Applications" status="open" _status="indeterminate">
          <outline text="All essential applications are monitored to determine impact on end user context." status="open" _status="indeterminate"/>
          <outline text=" Impact on experience and alerts are consistently reported." status="open" _status="indeterminate"/>
          <outline text=" Priorities for resolution and improvements are driven in part by the business context." status="open" _status="indeterminate"/>
          <outline text="User processes and application reporting are measured and used to drive application improvements." status="open" _status="indeterminate"/>
        </outline>
        <outline text="..." status="open" _status="indeterminate">
          <outline text="Responses to operational incidents where critical applications have an exception, a formal process is used for immediate resolution." status="open" _status="indeterminate"/>
          <outline text="A capability may be in place to find and fix reported issues with some automation." status="open" _status="indeterminate"/>
          <outline text="Infrastructure and application issues are addressed independently." status="open" _status="indeterminate"/>
          <outline text="All other Dev and Ops collaboration is performed on an adhoc basis." status="open" _status="indeterminate"/>
        </outline>
        <outline text="..." status="open" _status="indeterminate">
          <outline text="A common Dev and Ops incident resolution process is used and automated." status="open" _status="indeterminate"/>
          <outline text=" Event notification is centralized and consistent across all applications." status="open" _status="indeterminate"/>
          <outline text=" Establishing metrics for monitoring data to categorize and prioritize responses." status="open" _status="indeterminate"/>
        </outline>
        <outline text="..." status="open" _status="indeterminate">
          <outline text="Optimization is improves functional capabilities that affect customer experience in production." status="open" _status="indeterminate"/>
          <outline text=" There are limited analysis capabilities in use to modify applications during development." status="open" _status="indeterminate"/>
        </outline>
        <outline text="..." status="open" _status="indeterminate">
          <outline text="Optimization is focused on functional capabilities." status="open" _status="indeterminate"/>
          <outline text="Testing is the primary source of error correction or optimization to usability." status="open" _status="indeterminate"/>
          <outline text="Customer engagement feedback in production is limited critical issues." status="open" _status="indeterminate"/>
        </outline>
        <outline text="Optimize Engagement" status="open" _status="indeterminate">
          <outline text="A consistent process is in place to optimize applications or environments based on feedback collected during testing, deployment and production monitoring." status="open" _status="indeterminate"/>
          <outline text="An integrated Dev and Ops capability tracks and measures cross-functional deliberate and reactive optimization activities." status="open" _status="indeterminate"/>
        </outline>
      </outline>
    </outline>
  </body>
</opml>
