<?xml version="1.0"?>
<opml version="2.0">
  <head>
    <title>Page Updates</title>
    <dateModified>Sat, 13 Feb 2016 14:41:52 -0700</dateModified>
    <ownerName>DreamOps Crew</ownerName>
  </head>
  <body>
    <outline text="index.md" status="open" _status="indeterminate">
      <outline text="---&#13;&#10;layout: index&#13;&#10;title: About DreamOps&#13;&#10;---&#13;&#10;&#13;&#10;#About DreamOps&#13;&#10;&#13;&#10;Are you ready to to take Force.com development to the next level?&#13;&#10;&#13;&#10;If so, brush up on the latest blogs, soak up pro tips and techniques, clone some code, hop onto the wiki, upvote the roadmap, then adopt and adapt your very own DevOps process.&#13;&#10;&#13;&#10;**Planet DreamOps** mashes blogs from the most influential writers in the Force.com technoverse. Check out our Feedly shared collections and see for yourself. -- [DreamOps.org/feedly](./feedly)&#13;&#10;&#13;&#10;The **DreamOps Success Group** is a technical forum with a strict focus on development issues. It's a place to create and share hardcore technical solutions. If you are ready to get your geek on, join the DreamOps success group today! -- [DreamOps.org/group](./group)&#13;&#10;&#13;&#10;The **DreamOps Hub** is a set of Git repositories with ready-to-clone code. Logon and jumpstart your own continuous delivery, Selenium testing, and other enterprise initiatives. -- [DreamOps.org/hub](./hub)&#13;&#10;&#13;&#10;The **DreamOps Wiki** on Developerforce catalogs best practices used by Force.com enterprise developers. Explore new practices that  you can use with your own team, and help us grow by sharing your own. -- [DreamOps.org/wiki](./wiki)&#13;&#10;&#13;&#10;The **DreamOps Roadmap** is a prioritized list of Force.com Ideas that we believe will push the platform to new heights. Show your support and upvote the ideas today! -- [DreamOps.org/roadmap](./roadmap)&#13;&#10;&#13;&#10;Together, let's take Force.com to new heights, &#13;&#10;&#13;&#10;-- [The DreamOps Crew](http://wiki.developerforce.com/page/DreamOps_Crew)" status="open" _status="indeterminate"/>
    </outline>
    <outline text="index.md - next" status="open" _status="indeterminate">
      <outline text="---&#13;&#10;layout: index&#13;&#10;title: About DreamOps&#13;&#10;---&#13;&#10;&#13;&#10;#About DreamOps&#13;&#10;&#13;&#10;Are you ready to to take Force.com development to the next level?&#13;&#10;&#13;&#10;If so, brush up on the latest blogs, soak up pro tips and techniques, clone some code, hop onto the wiki, upvote the roadmap, then adopt and adapt your very own DevOps process.&#13;&#10;&#13;&#10;**Planet DreamOps** mashes blogs from the most influential writers in the Force.com technoverse. Check out our Feedly shared collections and see for yourself. -- [DreamOps.org/feedly](./feedly)&#13;&#10;&#13;&#10;The **DreamOps Success Group** is a technical forum with a strict focus on development issues. It's a place to create and share hardcore technical solutions. If you are ready to get your geek on, join the DreamOps success group today! -- [DreamOps.org/group](./group)&#13;&#10;&#13;&#10;The **DreamOps Wiki** on Developerforce catalogs best practices used by Force.com enterprise developers. Explore new practices that  you can use with your own team, and help us grow by sharing your own. -- [DreamOps.org/wiki](./wiki)&#13;&#10;&#13;&#10;&gt; Add Tech Talk Tuesday; Planet OPML;&#13;&#10;&gt; other links as they surface&#13;&#10;&#13;&#10;The **DreamOps Dictionary** defines terms, tools, and technologies used by people delivering enterprise applications to the Force.com cloud, along with mentions of notable Salesforce evangelists. &#13;&#10;&#13;&#10;The **DreamOps Bazaar** is a set of Gists with ready-to-use code or documentation. Cherry-pick what you need to jumpstart your own continuous delivery, Selenium testing, or other enterprise initiative. -- [DreamOps.org/bazaar](./bazaar)&#13;&#10;&#13;&#10;&gt; Move &#x201C;Hub&quot; to Gists and expand -&#13;&#10;&gt; Standalone code from blogs and whatnot.&#13;&#10;&#13;&#10;The **DreamOps Stop-n-Go** sets out known issues with platform features and how others have worked around seemingly intractable problems. [DreamOps.org/stop-n-go](./stop-n-go)&#13;&#10;&#13;&#10;The **DreamOps Checklists** help Force.com developers create and maintain enterprise-grade managed packages by providing a full set of operational checklists, annotated with detailed work instructions. Spin off your own checklists and put our experience to work for you. -- [DreamOps.org/checklists](./checklists)&#13;&#10;&#13;&#10;&gt; Templates via CheckVist&#13;&#10;&#13;&#10;The **DreamOps Case Notes** provide boilerplate language to use when requesting features commonly needed by enterprise-grade ISVs. [DreamOps.org/case-notes](./case-notes)&#13;&#10;&#13;&#10;&gt; Templates via CheckVist&#13;&#10;&#13;&#10;The **DreamOps Elements** of Force.com Style sets out stylistic techniques to use when coding Apex and Visualforce pages or publishing a packaged app. Share the elements with your team and start applying them today. -- [DreamOps.org/elements](./elements)&#13;&#10;&#13;&#10;&gt; Our style guide in classic elements format.&#13;&#10;&#13;&#10;The **DreamOps Scanner** enables static source code analysis of Apex and Visualforce source files contained in Force com packages, as an alternate to the Force.com scanner. Hookup your own SonarQube server, plugin our Force.com scanner, and let quality ring!   -- [DreamOps.org/scanner](./scanner)&#13;&#10;&#13;&#10;&gt;Develop our own open source Apex plugin for SQ&#13;&#10;&#13;&#10;The **DreamOps Roadmap** is a prioritized list of Force.com Ideas that we believe will push the platform to new heights. Show your support and upvote the ideas today! -- [DreamOps.org/roadmap](./roadmap)&#13;&#10;&#13;&#10;&gt; Add Recent Innovations section -- And cherry-pick last three releases -- Test targets; Test suites; ...&#13;&#10;&gt; Delivered! -- These ideas were features on our roadmap and are now available. &#13;&#10;&#13;&#10;&gt;Review and update&#13;&#10;&#13;&#10;Force.com and Beyond!&#13;&#10;&#13;&#10;-- [The DreamOps Crew](http://wiki.developerforce.com/page/DreamOps_Crew)" status="open" _status="indeterminate"/>
    </outline>
    <outline text="Dictionary" status="open" _status="indeterminate">
      <outline text="Terms and Technologies" status="open" _status="indeterminate">
        <outline text="Apex" status="open" _status="indeterminate"/>
        <outline text="Beta (Feature)" status="open" _status="indeterminate"/>
        <outline text="Beta (Package)" status="open" _status="indeterminate"/>
        <outline text="Branch Org" status="open" _status="indeterminate"/>
        <outline text="Change Management" status="open" _status="indeterminate"/>
        <outline text="Change Set" status="open" _status="indeterminate"/>
        <outline text="Continuous Delivery - https://en.wikipedia.org/wiki/Continuous_delivery&#13;&#10;&#13;&#10;Salesforce delivers three major releases a year (Winter, Spring, Summer) that follow a strict release train. ISVs often align themselves with the seasonal release schedule.  Like Salesforce, many ISVs roll out a number of patch versions between the seasonal releases." status="open" _status="indeterminate"/>
        <outline text="Deploy (Save to Server)" status="open" _status="indeterminate"/>
        <outline text="DevOps - https://en.wikipedia.org/wiki/DevOps" status="open" _status="indeterminate"/>
        <outline text="GA" status="open" _status="indeterminate"/>
        <outline text="Governor" status="open" _status="indeterminate"/>
        <outline text="Hammer" status="open" _status="indeterminate"/>
        <outline text="ISV" status="open" _status="indeterminate"/>
        <outline text="Latest Version" status="open" _status="indeterminate"/>
        <outline text="Limits" status="open" _status="indeterminate"/>
        <outline text="Lookup Relationship" status="open" _status="indeterminate"/>
        <outline text="Managed Package" status="open" _status="indeterminate"/>
        <outline text="Master Detail Relationship" status="open" _status="indeterminate"/>
        <outline text="Packaging Org" status="open" _status="indeterminate"/>
        <outline text="Patch Org" status="open" _status="indeterminate"/>
        <outline text="Push Upgrade" status="open" _status="indeterminate"/>
        <outline text="Readiness" status="open" _status="indeterminate"/>
        <outline text="Release Management [CMM]&#13;&#10;&#13;&#10;&quot;Release Management plans, schedules, coordinates, and oversees releases and infrastructure changes. This group drives the definition,evolution, compliance, and automation of release processes to optimize their efficiency and quality while meeting the demans of rapid growth.&quot;" status="open" _status="indeterminate"/>
        <outline text="Release Train - https://en.wikipedia.org/wiki/Software_release_train&#13;&#10;&#13;&#10;The Salesforce release train delivers three major releases a year (October, February, June), with weekly patches in between, on Wednesday and Thursday nights. For more see Change Management Methodology." status="open" _status="indeterminate"/>
        <outline text="Retrieve ()" status="open" _status="indeterminate"/>
        <outline text="Safe Harbor" status="open" _status="indeterminate"/>
        <outline text="Scrum Teams" status="open" _status="indeterminate"/>
        <outline text="Seasonal Release" status="open" _status="indeterminate"/>
        <outline text="Setup Menu" status="open" _status="indeterminate"/>
        <outline text="SOQL" status="open" _status="indeterminate"/>
        <outline text="TechOps - [CMM]&#13;&#10;&#13;&#10;&quot;Technical Operations (TechOps) consists of several subgroups that plan and implement changes to the Salesforce infrastructure. Thesubgroups include the Site Reliability (SR) team, which handles most routine changes, as well as specialized teams that handle othertasks, including system, network, storage, database, and data center engineering.&quot;" status="open" _status="indeterminate"/>
        <outline text="Unmanaged Package" status="open" _status="indeterminate"/>
        <outline text="Upload (Package)" status="open" _status="indeterminate"/>
        <outline text="Usage Metrics" status="open" _status="indeterminate"/>
        <outline text="Visualforce" status="open" _status="indeterminate"/>
        <outline text="Components" status="open" _status="indeterminate"/>
        <outline text="Delete Packaged Components" status="open" _status="indeterminate"/>
        <outline text="Revert to Beta" status="open" _status="indeterminate"/>
        <outline text="Delete Patch Org" status="open" _status="indeterminate"/>
        <outline text="LMA" status="open" _status="indeterminate"/>
        <outline text="LMA Subscriber Console" status="open" _status="indeterminate"/>
        <outline text="Environment Hub" status="open" _status="indeterminate"/>
      </outline>
      <outline text="APIs" status="open" _status="indeterminate">
        <outline text="Comet" status="open" _status="indeterminate"/>
        <outline text="REST API" status="open" _status="indeterminate"/>
        <outline text="SOAP API" status="open" _status="indeterminate"/>
        <outline text="Tooling API" status="open" _status="indeterminate"/>
      </outline>
      <outline text="Tools" status="open" _status="indeterminate">
        <outline text="Almond" status="open" _status="indeterminate"/>
        <outline text="Ant Migration Tool" status="open" _status="indeterminate"/>
        <outline text="Aurora" status="open" _status="indeterminate"/>
        <outline text="Cinnamon" status="open" _status="indeterminate"/>
        <outline text="Data Loader" status="open" _status="indeterminate"/>
        <outline text="Workbench" status="open" _status="indeterminate"/>
      </outline>
      <outline text="IDEs" status="open" _status="indeterminate">
        <outline text="*.io" status="open" _status="indeterminate"/>
        <outline text="Eclipse Force.com IDE" status="open" _status="indeterminate"/>
        <outline text="Illuminated Cloud" status="open" _status="indeterminate"/>
        <outline text="Mavens Mate" status="open" _status="indeterminate"/>
      </outline>
      <outline text="Notable Resources" status="open" _status="indeterminate">
        <outline text="Basics" status="open" _status="indeterminate">
          <outline text="ISVforce Guide [IG]" status="open" _status="indeterminate"/>
          <outline text="Force.com Migration Toolkit [FMT]" status="open" _status="indeterminate"/>
          <outline text="Force.com Tooling API [FTA]" status="open" _status="indeterminate"/>
          <outline text="Metadata API Developers Guide [MADG]" status="open" _status="indeterminate"/>
          <outline text="Change Management Methodology [CMM]" status="open" _status="indeterminate"/>
        </outline>
        <outline text="Practitioners" status="open" _status="indeterminate">
          <outline text="Apex MDAPI (metadata)" status="open" _status="indeterminate"/>
          <outline text="Cumulus CI (deployments)" status="open" _status="indeterminate"/>
          <outline text="SauceLabs (testing)" status="open" _status="indeterminate"/>
        </outline>
        <outline text="Trailhead" status="open" _status="indeterminate">
          <outline text="Application Lifecycle Management" status="open" _status="indeterminate"/>
          <outline text="Change Management [TCM]" status="open" _status="indeterminate"/>
          <outline text="Process Automation" status="open" _status="indeterminate"/>
          <outline text="Salesforce Ecosystem" status="open" _status="indeterminate"/>
          <outline text="Salesforce Technology Basics" status="open" _status="indeterminate"/>
          <outline text="ISV Basics" status="open" _status="indeterminate"/>
          <outline text="Apex Integration Services" status="open" _status="indeterminate"/>
          <outline text="Apex Testing" status="open" _status="indeterminate"/>
          <outline text="Wave Analytics Basics" status="open" _status="indeterminate"/>
        </outline>
        <outline text="Labs and Friends" status="open" _status="indeterminate">
          <outline text="Agile Accelerator [AAL]" status="open" _status="indeterminate"/>
          <outline text="ApexUnit [AUL]" status="open" _status="indeterminate"/>
          <outline text="Cinnamon" status="open" _status="indeterminate"/>
          <outline text="Force.com CLI" status="open" _status="indeterminate"/>
          <outline text="Usage Metrics Dashboard [UMDL]" status="open" _status="indeterminate"/>
        </outline>
        <outline text="Related" status="open" _status="indeterminate">
          <outline text="Atlassian Design Approach" status="open" _status="indeterminate"/>
          <outline text="Spotify Engineering Culture" status="open" _status="indeterminate"/>
          <outline text="TopCoder" status="open" _status="indeterminate"/>
        </outline>
      </outline>
    </outline>
  </body>
</opml>
