<?xml version="1.0"?>
<opml version="2.0">
  <head>
    <title>Create New Version of Managed Package</title>
    <dateModified>Sat, 13 Feb 2016 14:54:58 -0700</dateModified>
    <ownerName>DreamOps Crew</ownerName>
  </head>
  <body>
    <outline text="PREPARE" status="open" _status="indeterminate" color="green">
      <outline text="Review build server for outstanding errors; resolve any problems before continuing." status="open" _status="indeterminate"/>
      <outline text="Create transient branch from develop and a pull request from transient branch to target version branch." status="open" _status="indeterminate">
        <outline text="From Bitbucket, open the repository; from the left sidebar menu, click Actions." status="open" _status="indeterminate"/>
      </outline>
      <outline text="Update JIRA, landing page, and change logs with final version number." status="open" _status="indeterminate"/>
      <outline text="[] Announce short-term plan creating version for product and target release type (seasonal, milestone, emergency)." status="open" _status="indeterminate">
        <outline text="[] ..." status="open" _status="indeterminate"/>
      </outline>
    </outline>
    <outline text="MERGE" status="open" _status="indeterminate" color="green">
      <outline text="Merge pull request into target release branch." status="open" _status="indeterminate"/>
      <outline text="..." status="open" _status="indeterminate"/>
      <outline text=" lnk: [link: Follow These Work Instructions|http://dreamops.org/wiki]" status="open" _status="indeterminate"/>
      <outline text="Pending feedback on added components, upload the major or patch release." status="open" _status="indeterminate"/>
    </outline>
    <outline text="INSTALL" status="open" _status="indeterminate" color="green">
      <outline text="Run global regression test suite." status="open" _status="indeterminate"/>
      <outline text="..." status="open" _status="indeterminate"/>
      <outline text="Install version into ISEN Preview or ISEN Staging." status="open" _status="indeterminate"/>
    </outline>
    <outline text="WRAP UP" status="open" _status="indeterminate" color="green">
      <outline text="Move Release Channel issue to the Documenting column." status="open" _status="indeterminate">
        <outline type="note" isComment="true" text="jgjgjhkghjkghj&#13;&#10;lhlhjkhkl&#13;&#10;" user="DreamOps Crew" _user_id="99650"/>
      </outline>
      <outline text="..." status="open" _status="indeterminate"/>
      <outline text="Take a well-earned nap in the breakroom." status="open" _status="indeterminate"/>
    </outline>
  </body>
</opml>
